site	role	event_and_condition	consumer	aliases_and_repetition	failed_write
journal.rs Journal::open	JournalOpened	after journal dir creation succeeds; once per open attempt	journal opened_at UTC string	later stage/incident/message copy this stored value; no fresh read for it	state writer can fail after event; rollback does not begin
journal.rs Journal::stage	JournalStage	one per parsed object/null value; before single atomic write	corresponding stage_at UTC string	stream order; multiple values may create multiple events before one write	unread/malformed input creates none; later invalid value may discard earlier events; writer failure creates no new artifact
journal.rs Journal::unfinished	JournalRecoveryHeader	once per non-live entry in sorted path order after rename attempt	reorg interrupted/stopped block UTC prefix	opened/stage times remain seed bytes; stdout carries no recovery prefix time	append may fail; incident rename may fail then entry removal occurs independently
rollback.rs Rollback::refuse	ReorgRefusedHeader	once after first unseen kind+path refusal; after shared advisory append	one refused reorg block UTC prefix	dedup by kind of path; shared AdvisoryHeader is a distinct event	append failure ignored; prior message/advisory still present
rollback.rs Rollback::message	ReorgRollbackHeader	once after confirmed lookup succeeds	rollback reorg block UTC prefix	stdout fact lines share no new clock; later advisory has its own role	append failure ignored; no clock if confirmed lookup fails
snapshot.rs Store::seal	VerifiedMeta	once after stage+comparison succeed	verified meta timestamp integer seconds	verified id uses pre id and has no fresh clock; parent timestamps copied without replacing them	clock precedes tmp create/write/rename; failure discards staged data and warns
npm.rs Npm::observe	NpmObserved	once if copied hidden record hash can be read	observed-tree at integer seconds	one project's tree record; no withheld alias	atomic writer may fail and advisory records failure
npm.rs Npm::withheld_values	NpmWithheldEntry	once per retained new record with nonempty origins	at integer seconds in each integrity-token alias	all tokens from the retained record clone same entry/event; later same-token entries replace prior values in object order	this is value construction before file create; absent final write does not erase events
npm.rs Npm::record_inner	NpmWithheldName	once if nonempty withheld rows and temporary file created	filename epoch seconds	separate later event from every entry at; pid and random suffix independent	write/rename may fail; event then has no successful filename sink
providers.rs Providers::raw_log	ProviderHeader	one per append attempt including each warning and repeated info line	bracketed advisory UTC prefix	distinct from shared state log_advisory header; line occurrence order follows batch and KEV execution	append failure ignored; rotation may subsequently move/filter prior info lines
providers.rs fresh	ProviderCacheExpiry	one only when metadata exists and is a regular file	internal TTL comparison seconds minus mtime	one per cache freshness check; no output timestamp source	no artifact write; branch may decide later provider events
run.rs judge final warnings	ConfirmWarningsHeader	one if confirmation path succeeds with report lines	CONFIRM warnings reorg block UTC prefix	message has no new clock field; snapshot is an existing id	append failure ignored; systemMessage still emitted
sh.rs random_tail	PostTempName	one only on /dev/urandom open/read failure	internal seed seconds+nanos paired from one read	may repeat for temporary-name attempts; never an artifact timestamp source	name create may fail/collide after event
effect.rs check	PostLedgerExpiry	once after closure parse succeeds	internal ledger expiry seconds	no output timestamp source; provider log events are separate	ledger failure changes reason but emits no timestamp from this role
