ext-j001	1
ext-j002	1
ext-j003	1
ext-j004	1
ext-j005	1
ext-j006	1
ext-j007	1
ext-j008	1
ext-j009	1
ext-j010	1
ext-j011	1
ext-j014	1
ext-j015	1
ext-j016	1
ext-j017	1
ext-j018	1
ext-j019	1
ext-j020	1
ext-j021	1
ext-j022	2
ext-j023	1
ext-j024	2
ext-j025	2
ext-j026	2
ext-j027	2
ext-j028	2
ext-j029	1
ext-j030	1
ext-j031	1
ext-j032	1
ext-j033	1
ext-j034	1
ext-j035	1
ext-j036	1
ext-j037	1
ext-j038	1
ext-j039	1
ext-j049	1
ext-s001	2
ext-s002	2
ext-s003	2
ext-s004	2
ext-s005	2
ext-s006	1
ext-s007	2
ext-s008	2
ext-v001	2
ext-v002	2
ext-v003	2
ext-v004	2
ext-v005	2
ext-v006	2
ext-v007	2
ext-v008	2
ext-v009	2
ext-v010	2
ext-v011	2
ext-v012	2
ext-v013	2
ext-v014	2
ext-v015	2
ext-v016	2
ext-v017	2
ext-v018	2
ext-v019	2
ext-v020	1
ext-v021	1
ext-v022	1
ext-x005	2
ext-x006	2
ext-x008	1
ext-x009	2
ext-x010	2
ext-x011	1
ext-x012	2
ext-x013	2
ext-x014	2
ext-y001	2
ext-y002	2
ext-y003	1
ext-y004	2
ext-y005	2
ext-y006	1
grid-b001	1
grid-b002	1
grid-b003	1
grid-b004	1
grid-b005	1
grid-b006	1
grid-b007	1
grid-b008	1
grid-b009	1
grid-b010	2
grid-b011	1
grid-b012	1
grid-b013	1
grid-b014	1
grid-b015	1
grid-b016	1
grid-b017	1
grid-b018	2
grid-b019	1
grid-c001	2
grid-c002	2
grid-c003	2
grid-c004	2
grid-c005	1
grid-c006	1
grid-g001	1
grid-g002	1
grid-g003	1
grid-g004	1
grid-g005	1
grid-g006	1
grid-g007	1
grid-g008	1
grid-g009	1
grid-g010	1
grid-g011	1
grid-g012	1
grid-g013	1
grid-g014	1
grid-g015	1
grid-g016	1
grid-g017	1
grid-g018	1
grid-g019	1
grid-g020	1
grid-g021	1
grid-g022	1
grid-g023	1
grid-g024	1
grid-g025	1
grid-g026	1
grid-g027	1
grid-g028	1
grid-g029	1
grid-g030	1
grid-g031	1
grid-g032	1
grid-g033	1
grid-g034	1
grid-g035	1
grid-g036	1
grid-g037	1
grid-g038	1
grid-g039	1
grid-g040	1
grid-g041	1
grid-g042	1
grid-g043	1
grid-g044	1
grid-g045	1
grid-g046	1
grid-g047	1
grid-g048	1
grid-g049	1
grid-g050	1
grid-g051	1
grid-g052	1
grid-g053	1
grid-g054	1
grid-g055	1
grid-g056	1
grid-g057	1
grid-g058	1
grid-g059	1
grid-g060	1
grid-g061	1
grid-g062	1
grid-g063	1
grid-g064	1
grid-g065	1
grid-g066	1
grid-g067	1
grid-g068	1
grid-g069	1
grid-g070	1
grid-g071	1
grid-g072	1
grid-g073	1
grid-g074	1
grid-g075	1
grid-g076	1
grid-g077	1
grid-g078	1
grid-g079	1
grid-g080	1
grid-g081	1
grid-g082	1
grid-g083	1
grid-g084	1
grid-g085	1
grid-g086	1
grid-g087	1
grid-g088	1
grid-g089	1
grid-g090	1
grid-g091	1
grid-g092	1
grid-g093	1
grid-g094	1
grid-g095	1
grid-g096	1
grid-g097	1
grid-g098	1
grid-g099	1
grid-g100	1
grid-g101	1
grid-g102	1
grid-g103	1
grid-g104	1
grid-g105	1
grid-g106	1
grid-g107	1
grid-g108	1
grid-g109	1
grid-g110	1
grid-g111	1
grid-g112	1
grid-g113	1
grid-g114	1
grid-g115	1
grid-g116	1
grid-g117	1
grid-g118	1
grid-g119	1
grid-g120	1
grid-g121	1
grid-g122	1
grid-g123	1
grid-g124	1
grid-g125	1
grid-g126	1
grid-g127	1
grid-g128	1
grid-g129	1
grid-g130	1
grid-g131	1
grid-g132	1
grid-g133	1
grid-g134	1
grid-g135	1
grid-g136	1
grid-g137	1
grid-g138	1
grid-g139	1
grid-g140	1
grid-g141	1
grid-g142	1
grid-g143	1
grid-g144	1
grid-g145	1
grid-g146	1
grid-g147	1
grid-g148	1
grid-g149	1
grid-g150	1
grid-g151	1
grid-g152	1
grid-g153	1
grid-g154	1
grid-g155	1
grid-g156	1
grid-g157	1
grid-g158	1
grid-g159	1
grid-g160	1
grid-g161	1
grid-g162	1
grid-g163	1
grid-g164	1
grid-g165	1
grid-g166	1
grid-g167	1
grid-g168	1
grid-g169	1
grid-g170	1
grid-g171	1
grid-g172	1
grid-g173	1
grid-g174	1
grid-g175	1
grid-g176	1
grid-g177	1
grid-g178	1
grid-g179	1
grid-g180	1
grid-g181	1
grid-g182	1
grid-g183	1
grid-g184	1
grid-g185	1
grid-g186	1
grid-g187	1
grid-g188	1
grid-g189	1
grid-g190	1
grid-g191	1
grid-g192	1
grid-g193	1
grid-g194	1
grid-g195	1
grid-g196	1
grid-g197	1
grid-g198	1
grid-g199	1
grid-g200	1
grid-g201	1
grid-g202	1
grid-g203	1
grid-g204	1
grid-g205	1
grid-g206	1
grid-g207	1
grid-g208	1
grid-g209	1
grid-g210	1
grid-g211	1
grid-g212	1
grid-g213	1
grid-g214	1
grid-g215	1
grid-g216	1
grid-g217	1
grid-g218	1
grid-g219	1
grid-g220	1
grid-g221	1
grid-g222	1
grid-g223	1
grid-g224	1
grid-g225	1
grid-g226	1
grid-g229	1
grid-g230	1
grid-g231	1
grid-g232	1
grid-g233	1
grid-h001	1
grid-h002	1
grid-h003	1
grid-h004	1
grid-h005	1
grid-h006	1
grid-x001	1
grid-x002	1
grid-x003	1
grid-x004	1
grid-x005	1
grid-x006	1
grid-x007	1
grid-x008	1
grid-x009	1
grid-x010	1
grid-x012	1
grid-x013	1
grid-x014	1
grid-x015	1
grid-x016	1
grid-x017	1
grid-x018	1
grid-x019	1
grid-x020	1
grid-x021	1
grid-x022	1
grid-x023	1
grid-x024	1
grid-x025	1
grid-x026	1
grid-x027	2
probe-e001	2
probe-e002	2
probe-e003	2
probe-e004	2
probe-e005	2
probe-e007	2
probe-e008	2
probe-e009	2
probe-e010	2
probe-r3k01	2
probe-r3k02	2
probe-r3k03	2
probe-r3k04	1
probe-r3q01	2
probe-r3q02	2
probe-r3q03	2
probe-r3q04	2
probe-r3q05	2
probe-r3q06	2
probe-r3q07	2
probe-r3q08	2
probe-r3q09	2
probe-r3q10	2
probe-r3q11	2
probe-r3q12	2
probe-r3q13	2
probe-r3q14	2
probe-r3q15	2
probe-r3q16	2
probe-r3q17	2
probe-r3q18	1
probe-r3q19	2
probe-r3q20	2
probe-r3q21	2
var-g0003F2	2
var-g0003S1	2
var-g0004F2	2
var-g0004S1	2
var-g0006F2	2
var-g0006S1	2
var-g0007F2	2
var-g0007S1	2
var-g0008F2	2
var-g0008S1	2
var-g0153F2	2
var-g0153S1	2
var-g0161F2	2
var-g0161S1	2
var-g0183F2	2
var-g0183S1	2
var-g0184F2	2
var-g0184S1	2
var-g0185F2	2
var-g0185S1	2
var-g0186F2	2
var-g0186S1	2
var-g0188F2	2
var-g0188S1	2
var-g0189F2	2
var-g0189S1	2
var-g0192F2	2
var-g0192S1	2
var-g0193F2	2
var-g0193S1	2
var-g0195F2	2
var-g0195S1	2
var-g0196F2	2
var-g0196S1	2
var-g0197F2	2
var-g0197S1	2
var-g0342F2	2
var-g0342S1	2
var-g0350F2	2
var-g0350S1	2
var-g0372F2	2
var-g0372S1	2
var-g0373F2	2
var-g0373S1	2
var-g0374F2	2
var-g0374S1	2
var-g0375F2	2
var-g0375S1	2
var-g0376F2	2
var-g0376S1	2
var-g0377F2	2
var-g0377S1	2
var-g0378F2	2
var-g0378S1	2
var-g0379F2	2
var-g0379S1	2
var-g0382F2	2
var-g0382S1	2
var-g0385F2	2
var-g0385S1	2
var-g0386F2	2
var-g0386S1	2
var-g0388F2	2
var-g0388S1	2
var-g0389F2	2
var-g0389S1	2
var-g0390F2	2
var-g0390S1	2
var-g0657F2	2
var-g0657S1	2
var-g0658F2	2
var-g0658S1	2
var-g1077F2	2
var-g1077S1	2
var-g1078F2	2
var-g1078S1	2
var-g1079F2	2
var-g1079S1	2
var-g1080F2	2
var-g1080S1	2
var-g1083F2	2
var-g1083S1	2
var-g1086F2	2
var-g1086S1	2
var-g1087F2	2
var-g1087S1	2
var-g1089F2	2
var-g1089S1	2
var-g1090F2	2
var-g1090S1	2
var-g1091F2	2
var-g1091S1	2
var-g1182F2	2
var-g1182S1	2
var-g1183F2	2
var-g1183S1	2
var-g1184F2	2
var-g1184S1	2
var-g1185F2	2
var-g1185S1	2
var-g1188F2	2
var-g1188S1	2
var-g1189F2	2
var-g1189S1	2
var-g1190F2	2
var-g1190S1	2
var-g1191F2	2
var-g1191S1	2
var-g1192F2	2
var-g1192S1	2
var-g1193F2	2
var-g1193S1	2
var-g1194F2	2
var-g1194S1	2
var-g1195F2	2
var-g1195S1	2
var-g1196F2	2
var-g1196S1	2
var-g1197F2	2
var-g1197S1	2
var-g1198F2	2
var-g1198S1	2
var-g1199F2	2
var-g1199S1	2
var-g1200F2	2
var-g1200S1	2
var-g1201F2	2
var-g1201S1	2
var-g1202F2	2
var-g1202S1	2
var-g1203F2	2
var-g1203S1	2
var-g1204F2	2
var-g1204S1	2
var-g1205F2	2
var-g1205S1	2
var-g1206F2	2
var-g1206S1	2
var-g1207F2	2
var-g1207S1	2
var-g1208F2	2
var-g1208S1	2
var-g1209F2	2
var-g1209S1	2
var-g1210F2	2
var-g1210S1	2
var-g1211F2	2
var-g1211S1	2
var-g1212F2	2
var-g1212S1	2
var-g1213F2	2
var-g1213S1	2
var-g1214F2	2
var-g1214S1	2
var-g1215F2	2
var-g1215S1	2
var-g1216F2	2
var-g1216S1	2
var-g1217F2	2
var-g1217S1	2
var-g1218F2	2
var-g1218S1	2
var-g1219F2	2
var-g1219S1	2
var-g1220F2	2
var-g1220S1	2
var-g1221F2	2
var-g1221S1	2
var-g1222F2	2
var-g1222S1	2
var-g1223F2	2
var-g1223S1	2
var-g1224F2	2
var-g1224S1	2
var-g1225F2	2
var-g1225S1	2
var-g1226F2	2
var-g1226S1	2
var-g1227F2	2
var-g1227S1	2
var-g1228F2	2
var-g1228S1	2
var-g1229F2	2
var-g1229S1	2
var-g1230F2	2
var-g1230S1	2
var-g1231F2	2
var-g1231S1	2
var-g1232F2	2
var-g1232S1	2
var-g1233F2	2
var-g1233S1	2
var-g1234F2	2
var-g1234S1	2
var-g1235F2	2
var-g1235S1	2
var-g1236F2	2
var-g1236S1	2
var-g1237F2	2
var-g1237S1	2
var-g1238F2	2
var-g1238S1	2
var-g1239F2	2
var-g1239S1	2
var-g1240F2	2
var-g1240S1	2
var-g1241F2	2
var-g1241S1	2
var-g1244F2	2
var-g1244S1	2
var-g1245F2	2
var-g1245S1	2
var-g1247F2	2
var-g1247S1	2
var-g1248F2	2
var-g1248S1	2
var-g1249F2	2
var-g1249S1	2
var-g1250F2	2
var-g1250S1	2
var-g1251F2	2
var-g1251S1	2
var-g1252F2	2
var-g1252S1	2
var-g1253F2	2
var-g1253S1	2
var-g1254F2	2
var-g1254S1	2
var-g1255F2	2
var-g1255S1	2
var-g1256F2	2
var-g1256S1	2
var-g1257F2	2
var-g1257S1	2
var-g1258F2	2
var-g1258S1	2
var-g1259F2	2
var-g1259S1	2
var-g1260F2	2
var-g1260S1	2
var-g1261F2	2
var-g1261S1	2
var-g1262F2	2
var-g1262S1	2
var-g1263F2	2
var-g1263S1	2
var-g1264F2	2
var-g1264S1	2
var-g1265F2	2
var-g1265S1	2
var-g1266F2	2
var-g1266S1	2
var-g1267F2	2
var-g1267S1	2
var-g1268F2	2
var-g1268S1	2
var-g1269F2	2
var-g1269S1	2
var-g1270F2	2
var-g1270S1	2
var-g1271F2	2
var-g1271S1	2
var-g1272F2	2
var-g1272S1	2
var-g1273F2	2
var-g1273S1	2
var-g1274F2	2
var-g1274S1	2
var-g1275F2	2
var-g1275S1	2
var-g1276F2	2
var-g1276S1	2
var-g1277F2	2
var-g1277S1	2
var-g1278F2	2
var-g1278S1	2
var-g1279F2	2
var-g1279S1	2
var-g1280F2	2
var-g1280S1	2
var-g1281F2	2
var-g1281S1	2
var-g1282F2	2
var-g1282S1	2
var-g1283F2	2
var-g1283S1	2
var-g1284F2	2
var-g1284S1	2
var-g1285F2	2
var-g1285S1	2
var-g1286F2	2
var-g1286S1	2
var-g1287F2	2
var-g1287S1	2
var-g1288F2	2
var-g1288S1	2
var-g1289F2	2
var-g1289S1	2
var-g1290F2	2
var-g1290S1	2
var-g1291F2	2
var-g1291S1	2
var-g1292F2	2
var-g1292S1	2
var-g1293F2	2
var-g1293S1	2
var-g1294F2	2
var-g1294S1	2
var-g1295F2	2
var-g1295S1	2
var-g1296F2	2
var-g1296S1	2
var-g1297F2	2
var-g1297S1	2
var-g1298F2	2
var-g1298S1	2
var-g1299F2	2
var-g1299S1	2
var-g1302F2	2
var-g1302S1	2
var-g1303F2	2
var-g1303S1	2
var-g1305F2	2
var-g1305S1	2
var-g1306F2	2
var-g1306S1	2
var-g1307F2	2
var-g1307S1	2
var-g1308F2	2
var-g1308S1	2
var-g1309F2	2
var-g1309S1	2
var-g1310F2	2
var-g1310S1	2
var-g1311F2	2
var-g1311S1	2
var-g1312F2	2
var-g1312S1	2
var-g1313F2	2
var-g1313S1	2
var-g1314F2	2
var-g1314S1	2
var-g1315F2	2
var-g1315S1	2
var-g1316F2	2
var-g1316S1	2
var-g1317F2	2
var-g1317S1	2
var-g1318F2	2
var-g1318S1	2
var-g1319F2	2
var-g1319S1	2
var-g1320F2	2
var-g1320S1	2
var-g1321F2	2
var-g1321S1	2
var-g1322F2	2
var-g1322S1	2
var-g1323F2	2
var-g1323S1	2
var-g1324F2	2
var-g1324S1	2
var-g1325F2	2
var-g1325S1	2
var-g1326F2	2
var-g1326S1	2
var-g1327F2	2
var-g1327S1	2
var-g1328F2	2
var-g1328S1	2
var-g1329F2	2
var-g1329S1	2
var-g1330F2	2
var-g1330S1	2
var-g1331F2	2
var-g1331S1	2
var-g1332F2	2
var-g1332S1	2
var-g1333F2	2
var-g1333S1	2
var-g1334F2	2
var-g1334S1	2
var-g1335F2	2
var-g1335S1	2
var-g1336F2	2
var-g1336S1	2
var-g1337F2	2
var-g1337S1	2
var-g1338F2	2
var-g1338S1	2
var-g1339F2	2
var-g1339S1	2
var-g1340F2	2
var-g1340S1	2
var-g1341F2	2
var-g1341S1	2
var-g1342F2	2
var-g1342S1	2
var-g1343F2	2
var-g1343S1	2
var-g1344F2	2
var-g1344S1	2
var-g1345F2	2
var-g1345S1	2
var-g1346F2	2
var-g1346S1	2
var-g1347F2	2
var-g1347S1	2
var-g1348F2	2
var-g1348S1	2
var-g1349F2	2
var-g1349S1	2
var-g1350F2	2
var-g1350S1	2
var-g1351F2	2
var-g1351S1	2
var-g1352F2	2
var-g1352S1	2
var-g1353F2	2
var-g1353S1	2
var-g1354F2	2
var-g1354S1	2
var-g1355F2	2
var-g1355S1	2
var-g1356F2	2
var-g1356S1	2
var-g1357F2	2
var-g1357S1	2
var-g1360F2	2
var-g1360S1	2
var-g1361F2	2
var-g1361S1	2
var-g1363F2	2
var-g1363S1	2
var-g1364F2	2
var-g1364S1	2
var-g1365F2	2
var-g1365S1	2
var-g1366F2	2
var-g1366S1	2
var-g1367F2	2
var-g1367S1	2
var-g1368F2	2
var-g1368S1	2
var-g1369F2	2
var-g1369S1	2
var-g1370F2	2
var-g1370S1	2
var-g1371F2	2
var-g1371S1	2
var-g1372F2	2
var-g1372S1	2
var-g1373F2	2
var-g1373S1	2
var-g1374F2	2
var-g1374S1	2
var-g1375F2	2
var-g1375S1	2
var-g1376F2	2
var-g1376S1	2
var-g1377F2	2
var-g1377S1	2
var-g1378F2	2
var-g1378S1	2
var-g1379F2	2
var-g1379S1	2
var-g1380F2	2
var-g1380S1	2
var-g1381F2	2
var-g1381S1	2
var-g1382F2	2
var-g1382S1	2
var-g1383F2	2
var-g1383S1	2
var-g1384F2	2
var-g1384S1	2
var-g1385F2	2
var-g1385S1	2
var-g1386F2	2
var-g1386S1	2
var-g1387F2	2
var-g1387S1	2
var-g1388F2	2
var-g1388S1	2
var-g1389F2	2
var-g1389S1	2
var-g1390F2	2
var-g1390S1	2
var-g1391F2	2
var-g1391S1	2
var-g1392F2	2
var-g1392S1	2
var-g1393F2	2
var-g1393S1	2
var-g1394F2	2
var-g1394S1	2
var-g1395F2	2
var-g1395S1	2
var-g1396F2	2
var-g1396S1	2
var-g1397F2	2
var-g1397S1	2
var-g1398F2	2
var-g1398S1	2
var-g1399F2	2
var-g1399S1	2
var-g1400F2	2
var-g1400S1	2
var-g1401F2	2
var-g1401S1	2
var-g1402F2	2
var-g1402S1	2
var-g1403F2	2
var-g1403S1	2
var-g1404F2	2
var-g1404S1	2
var-g1405F2	2
var-g1405S1	2
var-g1406F2	2
var-g1406S1	2
var-g1407F2	2
var-g1407S1	2
var-g1408F2	2
var-g1408S1	2
var-g1409F2	2
var-g1409S1	2
var-g1410F2	2
var-g1410S1	2
var-g1411F2	2
var-g1411S1	2
var-g1412F2	2
var-g1412S1	2
var-g1413F2	2
var-g1413S1	2
var-g1414F2	2
var-g1414S1	2
var-g1415F2	2
var-g1415S1	2
var-g1416F2	2
var-g1416S1	2
var-g1417F2	2
var-g1417S1	2
var-g1418F2	2
var-g1418S1	2
var-g1419F2	2
var-g1419S1	2
var-g1429F2	2
var-g1429S1	2
var-g1687F2	2
var-g1687S1	2
var-g1775F2	2
var-g1775S1	2
var-g1778F2	2
var-g1778S1	2
var-g1779F2	2
var-g1779S1	2
var-g1780F2	2
var-g1780S1	2
var-g1783F2	2
var-g1783S1	2
var-g1784F2	2
var-g1784S1	2
var-g1788F2	2
var-g1788S1	2
var-g1793F2	2
var-g1793S1	2
var-g1798F2	2
var-g1798S1	2
var-g1803F2	2
var-g1803S1	2
var-g1808F2	2
var-g1808S1	2
var-g1813F2	2
var-g1813S1	2
var-g1815F2	2
var-g1815S1	2
var-g1817F2	2
var-g1817S1	2
var-g1818F2	2
var-g1818S1	2
var-g1819F2	2
var-g1819S1	2
var-g1820F2	2
var-g1820S1	2
var-g1822F2	2
var-g1822S1	2
var-g1823F2	2
var-g1823S1	2
var-g1824F2	2
var-g1824S1	2
var-g1827F2	2
var-g1827S1	2
var-g1828F2	2
var-g1828S1	2
var-g1832F2	2
var-g1832S1	2
var-g1833F2	2
var-g1833S1	2
var-g1837F2	2
var-g1837S1	2
var-g1838F2	2
var-g1838S1	2
var-g1839F2	2
var-g1839S1	2
var-g1841F2	2
var-g1841S1	2
var-g1842F2	2
var-g1842S1	2
var-g1843F2	2
var-g1843S1	2
var-g1844F2	2
var-g1844S1	2
var-g1847F2	2
var-g1847S1	2
var-g1848F2	2
var-g1848S1	2
var-g1849F2	2
var-g1849S1	2
var-g1850F2	2
var-g1850S1	2
var-g1851F2	2
var-g1851S1	2
var-g1852F2	2
var-g1852S1	2
var-g1853F2	2
var-g1853S1	2
var-g1854F2	2
var-g1854S1	2
var-g1855F2	2
var-g1855S1	2
var-g1856F2	2
var-g1856S1	2
