file	function	role	exit	callee	origins	count
rust/src/ask.rs	<module>	boundary	import	std::fs	-	1
rust/src/ask.rs	<module>	boundary	import	std::fs::File	-	1
rust/src/ask.rs	<module>	boundary	import	std::io	-	1
rust/src/ask.rs	<module>	boundary	import	std::process::Command	-	1
rust/src/ask.rs	<module>	boundary	import	std::process::Stdio	-	1
rust/src/ask.rs	drop	boundary	foreign-call	kill	-	1
rust/src/ask.rs	fetch_read	human	diagnostic	unreachable!	other	1
rust/src/ask.rs	probe	boundary	capability	std::io::stdout	-	1
rust/src/ask.rs	probe	boundary	import	std::io::Write	-	1
rust/src/ask.rs	probe	data	raw-or-serialized	println!	-	3
rust/src/ask.rs	probe	data	raw-or-serialized	write_all	-	1
rust/src/ask.rs	start	boundary	capability	Command	-	1
rust/src/ask.rs	start	boundary	capability	File	-	2
rust/src/ask.rs	start	boundary	capability	File::create	-	2
rust/src/ask.rs	start	boundary	capability	Stdio	-	1
rust/src/ask.rs	start	boundary	capability	spawn	-	1
rust/src/ask.rs	start	boundary	capability	stderr	-	1
rust/src/ask.rs	start	boundary	capability	stdout	-	1
rust/src/ask.rs	wait	boundary	capability	Outcome::status	-	1
rust/src/core.rs	payloads	data	raw-or-serialized	append	-	1
rust/src/inert.rs	<module>	boundary	macro-call	thread_local!	-	1
rust/src/inert.rs	cli	boundary	capability	flush	-	1
rust/src/inert.rs	cli	boundary	capability	std::io::stdout	-	1
rust/src/inert.rs	cli	boundary	import	std::io::Write	-	1
rust/src/inert.rs	cli	data	raw-or-serialized	write_all	-	1
rust/src/json.rs	each	data	raw-or-serialized	append	-	1
rust/src/ledger.rs	<module>	boundary	import	std::io	-	1
rust/src/ledger.rs	init	boundary	capability	create	-	1
rust/src/ledger.rs	main	boundary	capability	std::io::stderr	-	1
rust/src/ledger.rs	main	boundary	import	std::io::Write	-	1
rust/src/ledger.rs	main	data	raw-or-serialized	print!	-	2
rust/src/ledger.rs	main	data	raw-or-serialized	println!	-	2
rust/src/ledger.rs	main	human	diagnostic	eprintln!	data-field+fixed-literal	1
rust/src/ledger.rs	main	human	stderr	write_all	data-field	1
rust/src/ledger/context.rs	<module>	boundary	import	std::fs	-	1
rust/src/ledger/context.rs	probe	boundary	capability	std::io::stderr	-	1
rust/src/ledger/context.rs	probe	boundary	import	std::io::Write	-	1
rust/src/ledger/context.rs	probe	data	raw-or-serialized	println!	-	1
rust/src/ledger/context.rs	probe	human	stderr	write_all	data-field	1
rust/src/lex.rs	<module>	boundary	import	std::io::Write	-	1
rust/src/lex.rs	heredoc_op	boundary	capability	truncate	-	1
rust/src/lex.rs	lex_with_files	boundary	capability	create	-	1
rust/src/lex.rs	lex_with_files	boundary	capability	open	-	1
rust/src/lex.rs	lex_with_files	boundary	capability	std::fs::OpenOptions	-	1
rust/src/lex.rs	lex_with_files	boundary	file-mode	append	-	1
rust/src/lex.rs	lex_with_files	data	lexer-record	append	-	3
rust/src/lex.rs	lex_with_files	data	lexer-record	std::fs::write	-	1
rust/src/lex.rs	lex_with_files	data	lexer-record	write_all	-	1
rust/src/lex.rs	pop	boundary	capability	truncate	-	1
rust/src/lex.rs	run_passes	boundary	capability	truncate	-	1
rust/src/main.rs	<module>	boundary	import	std::io::Write	-	1
rust/src/main.rs	cmd_facts	boundary	capability	flush	-	1
rust/src/main.rs	cmd_facts	boundary	capability	std::io::stdout	-	1
rust/src/main.rs	cmd_facts	data	raw-or-serialized	write_all	-	1
rust/src/main.rs	cmd_grep	boundary	capability	std::io::stdout	-	1
rust/src/main.rs	cmd_grep	data	raw-or-serialized	write!	-	1
rust/src/main.rs	cmd_grep	data	raw-or-serialized	write_all	-	2
rust/src/main.rs	cmd_grep	human	diagnostic	eprintln!	data-field+fixed-literal	1
rust/src/main.rs	cmd_kat	boundary	capability	flush	-	1
rust/src/main.rs	cmd_kat	boundary	capability	std::io::stdout	-	1
rust/src/main.rs	cmd_kat	data	raw-or-serialized	write_all	-	1
rust/src/main.rs	cmd_lex	boundary	capability	flush	-	1
rust/src/main.rs	cmd_lex	boundary	capability	std::io::stdout	-	1
rust/src/main.rs	cmd_lex	data	raw-or-serialized	write_all	-	1
rust/src/main.rs	cmd_lex	human	diagnostic	eprintln!	fixed-literal	1
rust/src/main.rs	cmd_lex_batch	boundary	capability	flush	-	1
rust/src/main.rs	cmd_lex_batch	boundary	capability	std::io::stdout	-	1
rust/src/main.rs	cmd_lex_batch	data	raw-or-serialized	write!	-	1
rust/src/main.rs	cmd_lex_batch	data	raw-or-serialized	write_all	-	1
rust/src/main.rs	cmd_lex_batch	data	raw-or-serialized	writeln!	-	1
rust/src/main.rs	cmd_lex_batch	human	diagnostic	eprintln!	data-field+fixed-literal	1
rust/src/main.rs	cmd_payloads	data	raw-or-serialized	println!	-	1
rust/src/main.rs	cmd_stamp	data	raw-or-serialized	println!	-	3
rust/src/main.rs	cmd_words	boundary	capability	flush	-	1
rust/src/main.rs	cmd_words	boundary	capability	std::io::stdout	-	1
rust/src/main.rs	cmd_words	data	raw-or-serialized	write_all	-	1
rust/src/main.rs	main	boundary	capability	open	-	1
rust/src/main.rs	main	boundary	capability	std::fs::OpenOptions	-	1
rust/src/main.rs	main	boundary	file-mode	append	-	1
rust/src/main.rs	main	data	raw-or-serialized	print!	-	1
rust/src/main.rs	main	data	raw-or-serialized	println!	-	3
rust/src/main.rs	main	data	raw-or-serialized	write_all	-	1
rust/src/main.rs	main	human	diagnostic	eprintln!	fixed-literal	1
rust/src/main.rs	main	human	hook-answer	println!	fixed-literal+other	1
rust/src/main.rs	mark_failed	boundary	capability	create	-	1
rust/src/main.rs	mark_failed	boundary	capability	open	-	1
rust/src/main.rs	mark_failed	boundary	capability	std::fs::OpenOptions	-	1
rust/src/main.rs	mark_failed	boundary	file-mode	append	-	1
rust/src/main.rs	mark_failed	data	raw-or-serialized	write_all	-	1
rust/src/manager.rs	npm_read_args	boundary	capability	truncate	-	1
rust/src/manager.rs	npx_first_pass	boundary	capability	truncate	-	1
rust/src/os.rs	<module>	boundary	foreign-function	access	-	1
rust/src/os.rs	<module>	boundary	foreign-function	freelocale	-	1
rust/src/os.rs	<module>	boundary	foreign-function	isprint_l	-	1
rust/src/os.rs	<module>	boundary	foreign-function	iswprint_l	-	1
rust/src/os.rs	<module>	boundary	foreign-function	kill	-	1
rust/src/os.rs	<module>	boundary	foreign-function	localtime_r	-	1
rust/src/os.rs	<module>	boundary	foreign-function	mkdtemp	-	1
rust/src/os.rs	<module>	boundary	foreign-function	newlocale	-	1
rust/src/os.rs	<module>	boundary	foreign-function	umask	-	1
rust/src/os.rs	<module>	boundary	foreign-function	waitid	-	1
rust/src/os.rs	accessible	boundary	foreign-call	access	-	1
rust/src/os.rs	bash_quote_units	boundary	foreign-call	freelocale	-	1
rust/src/os.rs	bash_quote_units	boundary	foreign-call	isprint_l	-	2
rust/src/os.rs	bash_quote_units	boundary	foreign-call	iswprint_l	-	1
rust/src/os.rs	bash_quote_units	boundary	foreign-call	newlocale	-	1
rust/src/os.rs	child_exited_unreaped	boundary	foreign-call	waitid	-	1
rust/src/os.rs	kill_group	boundary	foreign-call	kill	-	1
rust/src/os.rs	scratch_dir	boundary	foreign-call	mkdtemp	-	1
rust/src/os.rs	set_umask	boundary	foreign-call	umask	-	1
rust/src/os.rs	stat_clock	boundary	foreign-call	localtime_r	-	1
rust/src/outcome.rs	<module>	boundary	import	std::io	-	1
rust/src/post.rs	main	boundary	capability	create	-	1
rust/src/post.rs	main	human	diagnostic	eprintln!	data-field+fixed-literal	1
rust/src/post.rs	main	human	log-or-report	crate::state::log_advisory	data-field+fixed-literal	1
rust/src/post.rs	probe	boundary	capability	open	-	1
rust/src/post.rs	probe	boundary	capability	std::io::stdout	-	3
rust/src/post.rs	probe	boundary	import	std::io::Write	-	1
rust/src/post.rs	probe	data	raw-or-serialized	write_all	-	3
rust/src/post.rs	probe	human	log-or-report	say	other	1
rust/src/post/call.rs	<module>	boundary	import	std::fs	-	1
rust/src/post/call.rs	backstop_trace	human	log-or-report	state::log_advisory	other	1
rust/src/post/call.rs	take	human	log-or-report	state::log_advisory	data-field+fixed-literal+other	1
rust/src/post/call.rs	take	human	log-or-report	state::log_advisory	fixed-literal+other	3
rust/src/post/effect.rs	<module>	boundary	import	std::io::Write	-	1
rust/src/post/effect.rs	check	boundary	capability	std::io::stderr	-	1
rust/src/post/effect.rs	check	human	log-or-report	state::log_advisory	fixed-literal+other	1
rust/src/post/effect.rs	check	human	stderr	write_all	data-field	1
rust/src/post/heuristics.rs	<module>	boundary	import	std::fs	-	1
rust/src/post/heuristics.rs	<module>	boundary	import	std::process::Command	-	1
rust/src/post/heuristics.rs	<module>	boundary	import	std::process::Stdio	-	1
rust/src/post/heuristics.rs	binaries	boundary	capability	Command	-	1
rust/src/post/heuristics.rs	binaries	boundary	capability	Stdio	-	2
rust/src/post/heuristics.rs	binaries	boundary	capability	output	-	1
rust/src/post/heuristics.rs	binaries	boundary	capability	stderr	-	1
rust/src/post/journal.rs	<module>	boundary	import	std::fs	-	1
rust/src/post/journal.rs	open	human	journal-or-reorg	state::write_state_file	other	1
rust/src/post/journal.rs	stage	human	journal-or-reorg	state::write_state_file	other	1
rust/src/post/journal.rs	unfinished	data	copy-or-publish	fs::rename	-	1
rust/src/post/journal.rs	unfinished	human	journal-or-reorg	sh::append	data-field+fixed-literal+other	1
rust/src/post/npm.rs	<module>	boundary	import	std::fs	-	1
rust/src/post/npm.rs	fresh_integrities	human	log-or-report	state::log_advisory	fixed-literal+other	1
rust/src/post/npm.rs	observe	data	raw-or-serialized	state::write_state_file	-	1
rust/src/post/npm.rs	observe	human	log-or-report	state::log_advisory	fixed-literal+other	1
rust/src/post/npm.rs	rebuild	boundary	capability	Command	-	1
rust/src/post/npm.rs	rebuild	boundary	capability	Outcome::status	-	1
rust/src/post/npm.rs	rebuild	boundary	capability	Stdio	-	3
rust/src/post/npm.rs	rebuild	boundary	capability	spawn	-	1
rust/src/post/npm.rs	rebuild	boundary	capability	stderr	-	1
rust/src/post/npm.rs	rebuild	boundary	capability	stdout	-	1
rust/src/post/npm.rs	rebuild	boundary	import	std::process::Command	-	1
rust/src/post/npm.rs	rebuild	boundary	import	std::process::Stdio	-	1
rust/src/post/npm.rs	rebuild	human	log-or-report	say	fixed-literal+other	4
rust/src/post/npm.rs	rebuild	human	log-or-report	say	other	2
rust/src/post/npm.rs	rebuild	human	log-or-report	state::log_advisory	fixed-literal+other	5
rust/src/post/npm.rs	record_inner	data	copy-or-publish	fs::rename	-	1
rust/src/post/npm.rs	record_inner	data	raw-or-serialized	fs::write	-	1
rust/src/post/npm.rs	record_inner	human	log-or-report	say	fixed-literal+other	3
rust/src/post/npm.rs	record_inner	human	log-or-report	state::log_advisory	fixed-literal+other	5
rust/src/post/npm.rs	sources	human	log-or-report	state::log_advisory	fixed-literal+other	2
rust/src/post/process.rs	<module>	boundary	foreign-function	kill	-	1
rust/src/post/process.rs	info	boundary	foreign-call	proc_pidinfo	-	1
rust/src/post/process.rs	info	boundary	foreign-call	sysconf	-	1
rust/src/post/process.rs	info	boundary	foreign-function	proc_pidinfo	-	1
rust/src/post/process.rs	info	boundary	foreign-function	sysconf	-	1
rust/src/post/process.rs	owner	boundary	foreign-call	kill	-	1
rust/src/post/providers.rs	<module>	boundary	import	std::fs	-	1
rust/src/post/providers.rs	<module>	boundary	import	std::process::Command	-	1
rust/src/post/providers.rs	<module>	boundary	import	std::process::Stdio	-	1
rust/src/post/providers.rs	batch	data	raw-or-serialized	fs::write	-	1
rust/src/post/providers.rs	batch	data	raw-or-serialized	state::write_state_file	-	1
rust/src/post/providers.rs	batch	human	diagnostic	eprintln!	fixed-literal	1
rust/src/post/providers.rs	batch	human	log-or-report	log	fixed-literal	1
rust/src/post/providers.rs	batch	human	log-or-report	log	fixed-literal+other	4
rust/src/post/providers.rs	curl	boundary	capability	Command	-	1
rust/src/post/providers.rs	curl	boundary	capability	Stdio	-	2
rust/src/post/providers.rs	curl	boundary	capability	output	-	1
rust/src/post/providers.rs	curl	boundary	capability	stderr	-	1
rust/src/post/providers.rs	kev	data	copy-or-publish	fs::rename	-	1
rust/src/post/providers.rs	kev	human	diagnostic	eprintln!	fixed-literal	1
rust/src/post/providers.rs	kev	human	log-or-report	log	fixed-literal	1
rust/src/post/providers.rs	kev	human	log-or-report	log	fixed-literal+other	2
rust/src/post/providers.rs	log	human	log-or-report	raw_log	data-field	1
rust/src/post/providers.rs	log	human	log-or-report	raw_log	fixed-literal+other	2
rust/src/post/providers.rs	raw_log	human	advisory-or-reorg	sh::append	data-field+fixed-literal+other	1
rust/src/post/report.rs	<module>	boundary	import	std::fs	-	1
rust/src/post/report.rs	changed_nothing	human	log-or-report	say	fixed-literal	1
rust/src/post/report.rs	inert	human	log-or-report	say	data-field	1
rust/src/post/report.rs	inert_unsaid	human	log-or-report	state::log_advisory	other	1
rust/src/post/report.rs	path	human	log-or-report	say	other	1
rust/src/post/report.rs	rebuild	human	log-or-report	say	data-field	1
rust/src/post/report.rs	rebuild	human	log-or-report	say	data-field+fixed-literal	3
rust/src/post/report.rs	remove	human	log-or-report	say	fixed-literal+other	1
rust/src/post/report.rs	remove	human	log-or-report	say	fixed-literal+other+result-renderer	1
rust/src/post/report.rs	restore	data	copy-or-publish	sh::copy_file	-	1
rust/src/post/report.rs	restore	human	log-or-report	say	fixed-literal+other	2
rust/src/post/report.rs	restore	human	log-or-report	say	fixed-literal+other+result-renderer	1
rust/src/post/report.rs	unread	human	log-or-report	say	data-field	1
rust/src/post/report.rs	workspaces_key	human	log-or-report	say	fixed-literal+other	1
rust/src/post/rollback.rs	message	human	advisory-or-reorg	sh::append	data-field+fixed-literal+other	1
rust/src/post/rollback.rs	message	human	log-or-report	state::log_advisory	data-field+fixed-literal+other	1
rust/src/post/rollback.rs	node_modules	human	log-or-report	say	data-field	2
rust/src/post/rollback.rs	refuse	human	advisory-or-reorg	sh::append	fixed-literal+other	1
rust/src/post/rollback.rs	refuse	human	log-or-report	say	other	1
rust/src/post/rollback.rs	refuse	human	log-or-report	state::log_advisory	fixed-literal+other	1
rust/src/post/rollback.rs	restore	data	copy-or-publish	copy	-	2
rust/src/post/rollback.rs	tail	human	log-or-report	say	data-field	1
rust/src/post/run.rs	<module>	boundary	import	std::fs	-	1
rust/src/post/run.rs	<module>	boundary	import	std::io::Write	-	1
rust/src/post/run.rs	backstop	human	log-or-report	state::log_advisory	fixed-literal+other	3
rust/src/post/run.rs	judge	human	advisory-or-reorg	sh::append	data-field+fixed-literal+other	1
rust/src/post/run.rs	main	boundary	capability	std::io::stdout	-	1
rust/src/post/run.rs	main	human	hook-answer	write_all	fixed-literal+other	1
rust/src/post/run.rs	rollback	boundary	capability	open	-	1
rust/src/post/sh.rs	<module>	boundary	import	std::io::Write	-	1
rust/src/post/sh.rs	append	boundary	capability	create	-	1
rust/src/post/sh.rs	append	boundary	capability	open	-	1
rust/src/post/sh.rs	append	boundary	capability	std::fs::OpenOptions	-	1
rust/src/post/sh.rs	append	boundary	file-mode	append	-	1
rust/src/post/sh.rs	append	data	raw-or-serialized	write_all	-	1
rust/src/post/sh.rs	copy_file	boundary	capability	create	-	1
rust/src/post/sh.rs	copy_file	boundary	capability	open	-	1
rust/src/post/sh.rs	copy_file	boundary	capability	std::fs::File	-	1
rust/src/post/sh.rs	copy_file	boundary	capability	std::fs::File::open	-	1
rust/src/post/sh.rs	copy_file	boundary	capability	std::fs::OpenOptions	-	1
rust/src/post/sh.rs	copy_file	boundary	capability	truncate	-	1
rust/src/post/sh.rs	copy_file	boundary	file-mode	write	-	1
rust/src/post/sh.rs	copy_file	data	raw-or-serialized	write_all	-	1
rust/src/post/sh.rs	cp	data	copy-or-publish	copy_file	-	1
rust/src/post/sh.rs	mkdir_p	boundary	capability	create	-	1
rust/src/post/sh.rs	mktemp	boundary	capability	create_new	-	1
rust/src/post/sh.rs	mktemp	boundary	capability	open	-	1
rust/src/post/sh.rs	mktemp	boundary	capability	std::fs::OpenOptions	-	1
rust/src/post/sh.rs	mktemp	boundary	file-mode	write	-	1
rust/src/post/sh.rs	mktemp_dir	boundary	capability	create	-	1
rust/src/post/sh.rs	random_tail	boundary	capability	std::fs::File	-	1
rust/src/post/sh.rs	random_tail	boundary	capability	std::fs::File::open	-	1
rust/src/post/sh.rs	same_bytes	boundary	capability	std::fs::File	-	2
rust/src/post/sh.rs	same_bytes	boundary	capability	std::fs::File::open	-	2
rust/src/post/sh.rs	write_renamed	boundary	capability	open	-	1
rust/src/post/sh.rs	write_renamed	boundary	capability	std::fs::OpenOptions	-	1
rust/src/post/sh.rs	write_renamed	boundary	capability	truncate	-	1
rust/src/post/sh.rs	write_renamed	boundary	file-mode	write	-	1
rust/src/post/sh.rs	write_renamed	data	copy-or-publish	std::fs::rename	-	1
rust/src/post/sh.rs	write_renamed	data	raw-or-serialized	write_all	-	1
rust/src/post/snapshot.rs	<module>	boundary	import	std::fs	-	1
rust/src/post/snapshot.rs	<module>	boundary	import	std::io::Write	-	1
rust/src/post/snapshot.rs	acquire	boundary	capability	std::io::stderr	-	1
rust/src/post/snapshot.rs	acquire	human	diagnostic	eprintln!	fixed-literal	1
rust/src/post/snapshot.rs	acquire	human	log-or-report	state::log_advisory	fixed-literal	1
rust/src/post/snapshot.rs	acquire	human	stderr	write_all	data-field	1
rust/src/post/snapshot.rs	confirm	data	raw-or-serialized	state::write_state_file	-	1
rust/src/post/snapshot.rs	confirm	human	log-or-report	say	data-field+fixed-literal+other	1
rust/src/post/snapshot.rs	confirm	human	log-or-report	state::log_advisory	data-field+fixed-literal+other	1
rust/src/post/snapshot.rs	matches	data	copy-or-publish	copy	-	1
rust/src/post/snapshot.rs	seal	data	raw-or-serialized	sh::write_renamed	-	1
rust/src/post/snapshot.rs	stage_inner	boundary	capability	fs::File	-	1
rust/src/post/snapshot.rs	stage_inner	boundary	capability	fs::File::create	-	1
rust/src/post/snapshot.rs	stage_inner	data	copy-or-publish	copy	-	1
rust/src/post/snapshot.rs	stage_inner	data	raw-or-serialized	fs::write	-	1
rust/src/post/trace.rs	<module>	boundary	import	std::fs	-	1
rust/src/post/trace.rs	settle	human	log-or-report	state::log_advisory	data-field+fixed-literal	1
rust/src/post/trace.rs	settle	human	log-or-report	state::log_advisory	data-field+fixed-literal+other	1
rust/src/post/workspaces.rs	<module>	boundary	import	std::fs	-	1
rust/src/post/workspaces.rs	physical_members	human	log-or-report	state::log_advisory	fixed-literal+other	1
rust/src/pre.rs	<module>	boundary	import	std::io::Write	-	1
rust/src/pre.rs	backstop_trace_baseline	boundary	capability	create	-	2
rust/src/pre.rs	backstop_trace_baseline	boundary	capability	open	-	2
rust/src/pre.rs	backstop_trace_baseline	boundary	capability	std::fs::OpenOptions	-	2
rust/src/pre.rs	backstop_trace_baseline	boundary	file-mode	append	-	2
rust/src/pre.rs	backstop_trace_baseline	data	serialized-trace	state::write_state_file	-	1
rust/src/pre.rs	deny_undecided_scan	human	log-or-report	say	other	1
rust/src/pre.rs	deny_undecided_scan	human	log-or-report	state::log_advisory	data-field+fixed-literal	1
rust/src/pre.rs	emit	boundary	capability	flush	-	1
rust/src/pre.rs	emit	boundary	capability	std::io::stderr	-	1
rust/src/pre.rs	emit	boundary	capability	std::io::stdout	-	1
rust/src/pre.rs	emit	human	hook-answer	write_all	data-field	1
rust/src/pre.rs	emit	human	stderr	write_all	data-field	1
rust/src/pre.rs	main	boundary	capability	std::io::stderr	-	1
rust/src/pre.rs	main	human	hook-answer	println!	fixed-literal+other	1
rust/src/pre.rs	main	human	hook-answer	write_all	data-field	1
rust/src/pre.rs	main	human	hook-answer	write_all	fixed-literal	1
rust/src/pre.rs	main	human	hook-answer	writeln!	data-field+fixed-literal	1
rust/src/pre.rs	main	human	log-or-report	state::log_advisory	data-field	2
rust/src/pre.rs	main	human	log-or-report	state::log_advisory	data-field+fixed-literal+other	1
rust/src/pre.rs	main	human	log-or-report	state::log_advisory	fixed-literal+other	1
rust/src/pre.rs	settle_scan_failure	human	log-or-report	state::log_advisory	data-field+fixed-literal	1
rust/src/pre.rs	settle_scan_failure	human	log-or-report	warn	fixed-literal	1
rust/src/pre.rs	stale	boundary	capability	create	-	1
rust/src/pre.rs	stale	human	diagnostic	eprintln!	data-field+fixed-literal+other	1
rust/src/pre.rs	stale	human	diagnostic	eprintln!	fixed-literal+other	2
rust/src/pre.rs	stale	human	hook-answer	println!	fixed-literal+other	1
rust/src/pre.rs	stale	human	log-or-report	state::log_advisory	data-field+fixed-literal+other	1
rust/src/pre.rs	stale	human	log-or-report	state::log_advisory	fixed-literal+other	2
rust/src/pre.rs	unfinished_text	boundary	capability	Outcome::status	-	1
rust/src/pre.rs	unfinished_text	human	diagnostic	unreachable!	other	1
rust/src/pre/budget.rs	<module>	boundary	import	std::fs	-	1
rust/src/pre/budget.rs	<module>	boundary	import	std::io	-	1
rust/src/pre/budget.rs	<module>	boundary	import	std::process::Command	-	1
rust/src/pre/budget.rs	prepare	boundary	capability	fs::File	-	3
rust/src/pre/budget.rs	prepare	boundary	capability	fs::File::create	-	2
rust/src/pre/budget.rs	prepare	boundary	capability	fs::File::open	-	1
rust/src/pre/budget.rs	prepare	boundary	capability	spawn	-	1
rust/src/pre/budget.rs	prepare	boundary	capability	stderr	-	1
rust/src/pre/budget.rs	prepare	boundary	capability	stdout	-	1
rust/src/pre/budget.rs	prepare	data	raw-or-serialized	fs::write	-	1
rust/src/pre/budget.rs	run	boundary	capability	Command	-	1
rust/src/pre/install.rs	approved	human	log-or-report	log	data-field+fixed-literal	1
rust/src/pre/install.rs	deny	human	log-or-report	say	other	1
rust/src/pre/install.rs	judge	boundary	capability	Snapshot::create	-	1
rust/src/pre/install.rs	judge	data	raw-or-serialized	pending::write	-	1
rust/src/pre/install.rs	judge	human	log-or-report	log	fixed-literal	2
rust/src/pre/install.rs	judge	human	log-or-report	log	fixed-literal+other	1
rust/src/pre/install.rs	judge	human	log-or-report	log_command	data-field	1
rust/src/pre/install.rs	judge	human	log-or-report	log_command	data-field+fixed-literal	3
rust/src/pre/install.rs	judge	human	log-or-report	log_command	data-field+fixed-literal+other	1
rust/src/pre/install.rs	judge	human	log-or-report	log_command	fixed-literal	2
rust/src/pre/install.rs	judge	human	log-or-report	log_command	fixed-literal+other	2
rust/src/pre/install.rs	judge	human	log-or-report	say	other	1
rust/src/pre/install.rs	judge	human	log-or-report	warn	data-field+fixed-literal	2
rust/src/pre/install.rs	log	human	log-or-report	state::log_advisory	data-field	1
rust/src/pre/install.rs	log_command	human	log-or-report	log	data-field+fixed-literal	1
rust/src/pre/install.rs	probe	human	diagnostic	unreachable!	fixed-literal	1
rust/src/pre/install.rs	quote_probe	boundary	capability	std::io::stdout	-	1
rust/src/pre/install.rs	quote_probe	boundary	import	std::io::Write	-	1
rust/src/pre/install.rs	quote_probe	data	raw-or-serialized	write_all	-	1
rust/src/pre/install.rs	registry_notice	human	log-or-report	log_command	fixed-literal+other	1
rust/src/pre/pending.rs	<module>	boundary	import	std::fs	-	1
rust/src/pre/pending.rs	<module>	boundary	import	std::io	-	1
rust/src/pre/pending.rs	write	boundary	capability	create	-	2
rust/src/pre/pending.rs	write	boundary	capability	fs::OpenOptions	-	1
rust/src/pre/pending.rs	write	boundary	capability	open	-	1
rust/src/pre/pending.rs	write	boundary	capability	truncate	-	1
rust/src/pre/pending.rs	write	boundary	file-mode	write	-	1
rust/src/pre/pending.rs	write	data	raw-or-serialized	state::write_state_file	-	1
rust/src/pre/pending.rs	write	human	log-or-report	state::log_advisory	data-field+fixed-literal	1
rust/src/pre/readings.rs	probe	data	raw-or-serialized	println!	-	1
rust/src/pre/snapshot.rs	<module>	boundary	import	std::fs	-	1
rust/src/pre/snapshot.rs	<module>	boundary	import	std::io	-	1
rust/src/pre/snapshot.rs	<module>	boundary	import	std::io::Write	-	1
rust/src/pre/snapshot.rs	copy	boundary	capability	create	-	1
rust/src/pre/snapshot.rs	copy	boundary	capability	fs::File	-	1
rust/src/pre/snapshot.rs	copy	boundary	capability	fs::File::open	-	1
rust/src/pre/snapshot.rs	copy	boundary	capability	fs::OpenOptions	-	1
rust/src/pre/snapshot.rs	copy	boundary	capability	open	-	1
rust/src/pre/snapshot.rs	copy	boundary	capability	truncate	-	1
rust/src/pre/snapshot.rs	copy	boundary	file-mode	write	-	1
rust/src/pre/snapshot.rs	copy	data	copy-or-publish	io::copy	-	1
rust/src/pre/snapshot.rs	create	boundary	capability	create_new	-	1
rust/src/pre/snapshot.rs	create	boundary	capability	fs::OpenOptions	-	1
rust/src/pre/snapshot.rs	create	boundary	capability	open	-	1
rust/src/pre/snapshot.rs	create	boundary	file-mode	write	-	1
rust/src/pre/snapshot.rs	create	data	copy-or-publish	state::copy_state_file	-	1
rust/src/pre/snapshot.rs	create	data	raw-or-serialized	fs::write	-	3
rust/src/pre/snapshot.rs	create	human	log-or-report	state::log_advisory	data-field+fixed-literal+other	1
rust/src/pre/snapshot.rs	file	boundary	capability	fs::File	-	1
rust/src/pre/snapshot.rs	file	boundary	capability	fs::File::create	-	1
rust/src/pre/snapshot.rs	file	boundary	capability	fs::OpenOptions	-	1
rust/src/pre/snapshot.rs	file	boundary	capability	open	-	1
rust/src/pre/snapshot.rs	file	boundary	file-mode	append	-	1
rust/src/pre/snapshot.rs	file	data	copy-or-publish	copy	-	1
rust/src/pre/snapshot.rs	file	data	raw-or-serialized	fs::write	-	1
rust/src/pre/snapshot.rs	file	data	raw-or-serialized	write_all	-	1
rust/src/pre/snapshot.rs	mark_rewrite	data	raw-or-serialized	state::write_state_file	-	1
rust/src/pre/snapshot.rs	members	boundary	capability	fs::OpenOptions	-	1
rust/src/pre/snapshot.rs	members	boundary	capability	open	-	1
rust/src/pre/snapshot.rs	members	boundary	file-mode	append	-	1
rust/src/pre/snapshot.rs	members	data	copy-or-publish	copy	-	1
rust/src/pre/snapshot.rs	members	data	raw-or-serialized	fs::write	-	2
rust/src/pre/snapshot.rs	members	data	raw-or-serialized	write_all	-	1
rust/src/pre/snapshot.rs	probe	boundary	capability	Snapshot::create	-	1
rust/src/pre/snapshot.rs	probe	boundary	capability	std::io::stderr	-	2
rust/src/pre/snapshot.rs	probe	data	raw-or-serialized	println!	-	1
rust/src/pre/snapshot.rs	probe	data	raw-or-serialized	super::pending::write	-	1
rust/src/pre/snapshot.rs	probe	human	diagnostic	eprintln!	data-field+fixed-literal	1
rust/src/pre/snapshot.rs	probe	human	stderr	write_all	data-field	2
rust/src/pre/targets.rs	probe	boundary	capability	std::io::stdout	-	1
rust/src/pre/targets.rs	probe	boundary	import	std::io::Write	-	1
rust/src/pre/targets.rs	probe	data	raw-or-serialized	println!	-	1
rust/src/pre/targets.rs	probe	data	raw-or-serialized	write_all	-	1
rust/src/query.rs	each	boundary	capability	flush	-	1
rust/src/query.rs	each	boundary	capability	std::io::stdout	-	1
rust/src/query.rs	each	boundary	import	std::io::Write	-	1
rust/src/query.rs	each	data	raw-or-serialized	write_all	-	1
rust/src/stamp.rs	<module>	boundary	import	std::io	-	1
rust/src/state.rs	<module>	boundary	import	std::io::Write	-	1
rust/src/state.rs	acquire	boundary	capability	create	-	1
rust/src/state.rs	copy_state_file	boundary	capability	std::fs::File	-	1
rust/src/state.rs	copy_state_file	boundary	capability	std::fs::File::open	-	1
rust/src/state.rs	copy_state_file	data	copy-or-publish	renamed_file	-	1
rust/src/state.rs	copy_state_file	data	copy-or-publish	std::io::copy	-	1
rust/src/state.rs	ensure_dirs	boundary	capability	create	-	1
rust/src/state.rs	log_advisory	boundary	capability	create	-	1
rust/src/state.rs	log_advisory	boundary	capability	open	-	1
rust/src/state.rs	log_advisory	boundary	capability	std::fs::OpenOptions	-	1
rust/src/state.rs	log_advisory	boundary	file-mode	append	-	1
rust/src/state.rs	log_advisory	human	advisory	write_all	data-field	1
rust/src/state.rs	renamed_file	boundary	capability	create	-	1
rust/src/state.rs	renamed_file	boundary	capability	create_new	-	1
rust/src/state.rs	renamed_file	boundary	capability	open	-	1
rust/src/state.rs	renamed_file	boundary	capability	std::fs::OpenOptions	-	1
rust/src/state.rs	renamed_file	boundary	file-mode	write	-	1
rust/src/state.rs	renamed_file	data	copy-or-publish	std::fs::rename	-	1
rust/src/state.rs	renamed_file	data	raw-or-serialized	write	-	1
rust/src/state.rs	write_state_file	data	copy-or-publish	renamed_file	-	1
rust/src/state.rs	write_state_file	data	raw-or-serialized	write_all	-	2
rust/src/state/log.rs	<module>	boundary	import	std::fs	-	1
rust/src/state/log.rs	<module>	boundary	import	std::io::Write	-	1
rust/src/state/log.rs	<module>	boundary	import	std::process::Command	-	1
rust/src/state/log.rs	<module>	boundary	import	std::process::Stdio	-	1
rust/src/state/log.rs	append	boundary	capability	create	-	1
rust/src/state/log.rs	append	boundary	capability	fs::OpenOptions	-	1
rust/src/state/log.rs	append	boundary	capability	open	-	1
rust/src/state/log.rs	append	boundary	file-mode	append	-	1
rust/src/state/log.rs	append	human	advisory-rotation	write!	data-field+fixed-literal+other	1
rust/src/state/log.rs	append	human	advisory-rotation	write_all	data-field	1
rust/src/state/log.rs	append	human	advisory-rotation	write_all	fixed-literal	1
rust/src/state/log.rs	rotate	boundary	capability	Command	-	1
rust/src/state/log.rs	rotate	boundary	capability	Stdio	-	1
rust/src/state/log.rs	rotate	boundary	capability	create	-	1
rust/src/state/log.rs	rotate	boundary	capability	create_new	-	1
rust/src/state/log.rs	rotate	boundary	capability	flush	-	1
rust/src/state/log.rs	rotate	boundary	capability	fs::File	-	1
rust/src/state/log.rs	rotate	boundary	capability	fs::File::open	-	1
rust/src/state/log.rs	rotate	boundary	capability	fs::OpenOptions	-	3
rust/src/state/log.rs	rotate	boundary	capability	open	-	3
rust/src/state/log.rs	rotate	boundary	capability	status	-	1
rust/src/state/log.rs	rotate	boundary	capability	stderr	-	1
rust/src/state/log.rs	rotate	boundary	capability	stdout	-	1
rust/src/state/log.rs	rotate	boundary	capability	truncate	-	2
rust/src/state/log.rs	rotate	boundary	file-mode	write	-	3
rust/src/state/log.rs	rotate	data	copy-or-publish	std::io::copy	-	1
rust/src/state/log.rs	rotate	data	raw-or-serialized	write_all	-	2
rust/src/state/log.rs	rotate	human	advisory-or-reorg	append	other	4
